precision,accuracy,recall,duration
0.9967256683810335,0.9976596771823772,0.9978691703864151,13903.32535982132
