precision,accuracy,recall,duration
0.9970509747615728,0.9971425536435097,0.9963414927201382,13798.45758152008
