precision,accuracy,recall,duration
0.9706928698402905,0.9727986385595081,0.9709530085095078,20776.725546836853
