best_model_train_loss,best_model_val_loss,best_model_train_acc,best_model_val_acc,best_model_learning_rate,best_model_nb_epoch
0.08852540701627731,0.16765406727790833,0.9669613838195801,0.9409866333007812,0.0010000000474974513,39
