best_model_train_loss,best_model_val_loss,best_model_train_acc,best_model_val_acc,best_model_learning_rate,best_model_nb_epoch
0.02234942466020584,0.043059948831796646,0.9923099875450134,0.9873538613319397,0.0010000000474974513,39
