best_model_train_loss,best_model_val_loss,best_model_train_acc,best_model_val_acc,best_model_learning_rate,best_model_nb_epoch
0.03522013500332832,0.12389390170574188,0.9874009490013123,0.9573164582252502,0.0010000000474974513,48
