best_model_train_loss,best_model_val_loss,best_model_train_acc,best_model_val_acc,best_model_learning_rate,best_model_nb_epoch
0.07695212215185165,0.24471580982208252,0.9726176261901855,0.9203901290893555,0.0010000000474974513,168
