best_model_train_loss,best_model_val_loss,best_model_train_acc,best_model_val_acc,best_model_learning_rate,best_model_nb_epoch
0.007394600659608841,0.021897397935390472,0.9974786043167114,0.9931574463844299,0.0010000000474974513,24
