best_model_train_loss,best_model_val_loss,best_model_train_acc,best_model_val_acc,best_model_learning_rate,best_model_nb_epoch
0.06453679502010345,1.0898066759109497,0.9758674502372742,0.7820250391960144,0.0010000000474974513,99
