best_model_train_loss,best_model_val_loss,best_model_train_acc,best_model_val_acc,best_model_learning_rate,best_model_nb_epoch
0.1551923304796219,0.18836307525634766,0.9410428404808044,0.9326022267341614,0.0010000000474974513,24
