best_model_train_loss,best_model_val_loss,best_model_train_acc,best_model_val_acc,best_model_learning_rate,best_model_nb_epoch
0.045324716717004776,0.5444896817207336,0.9833928346633911,0.8749331831932068,0.0010000000474974513,98
