best_model_train_loss,best_model_val_loss,best_model_train_acc,best_model_val_acc,best_model_learning_rate,best_model_nb_epoch
0.027361534535884857,0.12573248147964478,0.9906476140022278,0.9573432803153992,0.0010000000474974513,48
