best_model_train_loss,best_model_val_loss,best_model_train_acc,best_model_val_acc,best_model_learning_rate,best_model_nb_epoch
0.038106974214315414,0.5697678923606873,0.9907407164573669,0.8370370268821716,0.0010000000474974513,4
