precision,accuracy,recall,duration
0.9188193628365694,0.9573432650527622,0.9649767105748589,2279.536959171295
