precision,accuracy,recall,duration
0.9861138566406256,0.987353861353532,0.9858300657651973,3958.272198200226
