precision,accuracy,recall,duration
0.9523586249847038,0.9518254909713985,0.9516461035465177,10564.709827899933
