precision,accuracy,recall,duration
0.8380158033362599,0.837037037037037,0.8623529411764705,91.68793272972107
