precision,accuracy,recall,duration
0.8739236055769065,0.8711035267349261,0.8529861715148197,8713.634594678879
