precision,accuracy,recall,duration
0.9524610049394373,0.9643687268885367,0.9664581799006795,6749.5616064071655
