precision,accuracy,recall,duration
0.9464807588376924,0.9446749654218534,0.9452487055750919,5498.593899488449
