precision,accuracy,recall,duration
0.8671100594084603,0.8645696091348265,0.8639332294524277,17272.69822382927
