precision,accuracy,recall,duration
0.8566286186626586,0.8398601096671128,0.7573978404697349,4510.909406423569
