precision,accuracy,recall,duration
0.7180324433937016,0.7150884151379937,0.7118456920256925,6330.840943098068
