precision,accuracy,recall,duration
0.9934133085214149,0.9960951119168817,0.996672180067451,499.46096110343933
