precision,accuracy,recall,duration
0.48455904973627195,0.4841341191356175,0.4847753237025638,71.08224964141846
