precision,accuracy,recall,duration
0.8844827462812502,0.8847827746812247,0.8850040423194608,12230.66613125801
