precision,accuracy,recall,duration
0.9999763544934344,0.9999839799215016,0.9999878867165735,6788.555752277374
