precision,accuracy,recall,duration
0.9084883536458758,0.9326022192478736,0.9353854096134114,4384.434992790222
