loss,accuracy,val_loss,val_accuracy,lr
0.6964038610458374,0.49665367603302,0.6954596638679504,0.49142611026763916,0.0010000000474974513
0.6948728561401367,0.49711984395980835,0.6982026100158691,0.5045449733734131,0.0010000000474974513
0.6942267417907715,0.49850720167160034,0.696033775806427,0.487530380487442,0.0010000000474974513
0.6943451166152954,0.49844059348106384,0.6945569515228271,0.48300203680992126,0.0010000000474974513
0.6939588189125061,0.5003274083137512,0.6953458786010742,0.48413410782814026,0.0010000000474974513
