loss,accuracy,val_loss,val_accuracy,lr,test_acc
1.1907986402511597,0.7425925731658936,1.531740665435791,0.644444465637207,0.0010000000474974513,0.60296
0.0975264310836792,0.9722222089767456,1.5447739362716675,0.6592592597007751,0.0010000000474974513,0.6237
0.06884300708770752,0.9759259223937988,1.1768522262573242,0.7111111283302307,0.0010000000474974513,0.71111
0.045786477625370026,0.979629635810852,0.7499305605888367,0.7777777910232544,0.0010000000474974513,0.79407
0.038106974214315414,0.9907407164573669,0.5697678923606873,0.8370370268821716,0.0010000000474974513,0.83407
