precision,accuracy,recall,duration
0.9797486383174934,0.9818617724867725,0.9811094316214052,31844.31602048874
