precision,accuracy,recall,duration
0.9872000427736978,0.9872377747547791,0.9872504745393595,25837.082102298737
