precision,accuracy,recall,duration
0.9718270767739011,0.9779143498195298,0.9736893995837199,24054.99408197403
