precision,accuracy,recall,duration
0.9804015971014907,0.980320057290806,0.9803192017657311,42432.094389915466
