precision,accuracy,recall,duration
0.9857258180515197,0.9861381428138921,0.986111835190158,26728.45160841942
