precision,accuracy,recall,duration
0.987880092045265,0.9881168634574629,0.9878233977568192,23459.911381959915
